"outcome","predictor1","predictor2"
-1.20706574938542,1.13211014477473,0.0809302685634928
-2.34569770262935,2.13403297539011,-0.415494300711678
-0.574739960134649,0.131812854637207,-0.871930664401252
-0.890037829044104,0.425714643383155,-1.06724346587347
-0.77625389463799,0.659678406076154,0.0314286090996818
-0.110285494390774,-0.218377307971366,-0.758655088438132
-0.83717168026894,2.11923845130876,1.79883253261544
-0.490685896690943,0.128219993940818,-0.441059417138478
-0.693720246937475,-0.313946748681903,-1.36123997279114
-1.02365572296388,0.809841598152594,-0.701628108922291
1.10229754620026,-1.16719388428164,-0.182775803184806
-0.501258060594761,-0.576449632971413,-1.96050103635688
-2.18003964894867,0.939435803898922,-2.12195143587368
-0.46589754040611,1.24241579149717,0.751263377246819
-0.855364633737507,0.515917905815533,-0.881807388971387
-0.968514317872049,0.11042053871258,-1.72035156705954
-0.523828118987356,0.120952520829865,-1.17858903185255
-0.582075924689333,-0.199673034904602,-1.4964712507528
-0.162309523556819,0.467681110242166,0.914342151536038
-0.773353423943695,1.58222851646933,0.737255159755512
0.656588464332807,1.00412387096447,2.4613974344185
-0.669633579661957,0.531144010302981,0.255379996893225
-1.13860773675091,1.73158249705468,1.12640676115708
0.336472797203817,-0.265042534697879,0.00476837084388998
-0.366523932873933,0.682191086801035,1.03247430238956
-0.15339841246697,-0.711701838047318,-1.48236392424787
0.258261762167853,-0.396844878711002,-0.224486585573121
-0.169994076854541,-0.687385870042384,-1.30913925539003
0.850232257121884,-0.261620578696556,1.10866464822584
-0.402731975447623,0.207229318071012,-0.683280129901715
-0.0531588187433239,0.195644655592159,0.708526538346625
1.00151325236345,-1.09856066769163,0.0771042681456708
-1.13460804353385,1.43460861099845,0.597334325544767
2.12111710537568,-1.44817956367555,1.06616686834371
0.0659934937044614,-0.354281464399889,-0.655348545944896
0.166989279752984,-0.671350199549242,-0.659823769561541
0.354968261014854,-0.315237678934564,0.0384131195716201
-0.64906975160576,-0.146604537554631,-0.96822152136472
0.022362526076024,0.480794349523282,0.358291916205288
0.169026413766175,0.268678653155667,0.643187263002288
-0.191392168556024,-0.316030253175107,-0.14058394611627
0.750501453155831,0.494123818902309,1.90505028328831
-0.631409298966366,-0.402845432847143,-1.75372841865342
0.226301532497161,0.42717298248172,1.04440777857993
-1.17194831284112,1.33878724738792,-0.38119195508781
-0.365852248191901,0.103010801253673,-1.00116486409288
0.920057522390905,-1.10976897484005,-0.271389527454746
1.39514789252962,-0.734113667400328,1.07751556052745
0.513762778404674,-0.171447138359364,1.04730868476972
0.275893403585483,0.0830488510562259,0.652746947129862
-0.377237647496313,0.360361795862593,0.422287732263606
-0.875592474189569,0.773529978536282,0.161397242731224
-0.23462108692271,-0.444332815227683,-1.26609957070866
-0.390127029647055,-0.196308420160099,-0.968128528350915
-0.414419706341893,0.221705286441855,-0.203051226491363
0.624633128202147,0.50721694366111,1.68381773862572
-0.320839912658177,1.13927536035588,1.6546685083248
0.0432440375575291,-0.234189621526135,-0.81429103018321
1.41126239874678,-1.63155937944354,-0.49644114988164
3.04376588609529,-2.29399992392583,1.41127568651529
-2.7322195229558,2.1259012652995,-0.888376544834161
0.413868915451097,0.21629816460519,1.54766144622727
1.16910851401363,-1.24052902046003,0.236683958573169
-0.198416273822079,-0.164109454273255,-1.39711725722323
-0.789646852263761,0.92440626290922,0.75329636100925
0.500694614280786,-0.028429569224237,0.449816657218134
0.162654708118265,-1.37706629162704,-1.59141063234856
0.696768778564913,-0.446106673502096,0.648404608247257
0.311681028661359,0.206932594251615,1.33305631373948
1.1123628412626,-0.87029189850921,0.140989413974134
0.418057822385083,-0.574587400313964,0.265626203440592
-1.60708093984972,1.03621367883886,-0.877332004609433
-0.151736536534977,-0.24230143993055,-0.676875851094444
0.629536099884472,0.0334743082577458,1.22446753277318
2.27348352044748,-1.11468827277855,2.01220310583341
-0.659770093821306,2.27930015348761,2.46797969015903
-0.684320344136007,0.659351525157388,-0.208817061827825
-0.274704218225806,-0.340338629773275,-0.884081364569102
0.319160238648117,-0.901853464574151,-1.77014547104087
-0.254874652654534,0.221610420316515,0.100810466037663
0.0591351681787969,0.20073120229919,0.054640681890662
0.711175257270441,-0.137606967903867,0.982534855043002
1.35727443615177,-0.843138466154255,0.972267313326133
0.268043904143697,0.0477232229087321,0.801958610724005
0.452190396528715,0.0361668521892667,0.416847156932738
-0.370497517092117,1.18257976754918,0.766943706441201
0.258068387396106,0.0365469733432254,0.74515812769896
-0.348876736539909,0.374276652926685,-0.52777640578446
0.338596047099905,-0.670815855415488,-0.513401950057737
-1.18776528245719,1.1811734190269,0.0572401138048637
-0.304613889457735,1.33869775001797,1.65975287783017
0.948632573255153,0.470735742398424,1.96147772523947
0.808619272846293,-0.0549470499042971,1.17664446529459
0.319052357931912,-0.862335027990636,-0.60911449286609
-0.700970331629097,1.04898598281917,0.182881762598816
0.31939748709946,-0.763431581577743,-0.679166394555131
-1.55285901110546,1.31934762863982,-0.216031655014921
0.183247523067191,-1.20633554651203,-1.64244037947452
1.65604303699874,-0.238951198248663,1.88058693706062
-0.366703258827641,0.505537876418485,0.254948086246266
-0.579956989019402,-0.108001629952623,-1.1116529396307
1.0098082149443,-0.793670603002597,0.230896856468908
-0.504374222048191,1.37213427491357,1.06413193775422
0.763176761113315,0.272489802820827,1.71303555032315
-0.421721870070189,0.313376520332507,-0.350126353795872
1.22771711731275,-1.07190583299684,0.823589518457286
-0.561612535381314,0.0610196779256346,-0.742806199713496
0.0241886479910512,-0.322021833141362,-0.898997297627739
0.030066421255418,-0.453999156446755,-0.286234345408361
-0.952685454939293,1.43803800135693,0.401703608874715
0.292470078406726,0.305245571916261,0.741204636165719
0.554438552345125,-0.496335044586508,-0.192923531300346
-0.270079610999902,1.18793761532088,1.23194446806532
-0.817782462924957,0.621812215891001,-0.275503641794921
0.955324614657399,-0.0778837650504548,1.40353172875347
1.16457524565738,-1.3902161652054,-0.895527369435906
-0.471683425529536,0.0678334467191946,-1.32625669753245
0.562471756969533,-0.920242489229054,-0.521679362017047
-1.58710298765404,1.59819691124422,0.403534736116393
-0.878077110224044,0.634926341552363,0.13221208392867
0.933816332207727,0.400782587252047,2.02995087044267
-0.152260048921635,-0.183970955170163,-0.0748775465113012
-1.28583853233299,1.2130593550194,-0.261805944915688
2.25184180012688,-2.16629367726733,-0.0762086374674166
0.232631769508576,-0.209894633237517,-0.191488254449657
0.132291088244156,-0.271147718618888,-0.388238406806246
0.500835931775825,-0.599666132624733,-0.634191708108483
-2.65174124837268,1.7730436954475,-1.13031295578814
0.838129379964693,0.0585286442959273,1.6812247161344
0.315764024018431,-1.15684879584454,-1.11852626531691
1.59722809034381,-3.31542059301967,-2.53731807010348
1.10246464075191,-0.56472470093435,1.1345834794623
0.457099505856081,-0.0423797352899917,0.654194238194682
-0.916489135703093,-0.00289774589811809,-1.41905669685044
-0.42139311357139,-0.202504154220631,-0.823549444427471
0.15344473686401,0.75521403762474,0.995189091118993
-0.517788083055024,0.369262213440905,-0.691791285801762
-0.284705868110477,-0.197138012439644,-1.36793294138555
-0.283837160611358,-0.093373569896566,-0.238599031246617
-0.604068922847656,0.817762095633608,0.284072986414564
-1.23686021484532,1.21397455537817,-0.202114747574089
0.166061986509049,0.261971319798204,0.670698841296423
1.58515916403119,-1.19879526695896,0.360339701255709
0.74186477930074,-1.3272327924405,-1.33520585064564
-0.809936389920794,0.201142774665468,-1.15048475956565
1.60675956606494,-0.304047985081773,2.27670188654848
-1.27383492504346,1.03295587329477,-0.344242129692545
-0.137027503269731,0.21266929208939,-0.187648038971953
-1.28762030600621,1.87475568805559,0.784730652255046
-0.408397642146012,0.521880845666974,0.733455688162248
0.362666955663951,0.556709222291178,1.77600708096016
-0.407176147121539,0.783265956228743,0.303848466945425
-1.47365577946832,0.457925145731588,-1.67524588183778
1.79706242855231,-1.3747647121285,0.57029915578481
0.230374964163675,0.234485144599913,0.310907270826953
-1.05468021797766,-0.321220319422911,-2.48310841657763
-0.887438810816108,0.53480159103097,-0.187560364387094
0.88864143026394,-0.547128552396995,0.42309447091651
-0.0402069374365745,0.360732897129897,0.30824080161496
1.0590701295588,-0.188783963785567,1.02696998967973
-0.74691131008606,1.32157228807241,0.244043932075074
0.419709894906327,-0.195668658941784,1.3230831950871
-2.72968034122695,1.67926679212713,-1.61960530814014
1.67432650967139,-0.835648957432815,0.971602220688127
2.23938816916782,-2.84587026979531,-0.959046077568485
-0.0431403906133336,1.36986445783463,2.06254027246359
0.730396051435768,0.452529715693475,2.08343032961707
-1.22473787596427,1.40562603161091,0.0926377948837989
1.78260789538833,-1.57215312407245,0.0467624210756099
0.491834371466622,-0.180765300617102,0.4987150931905
-1.05655032211723,0.341891458046819,-1.15344376749302
1.03811014600433,-1.0491627451465,-0.160435328151034
-2.7042030254467,2.45991232228175,-0.525923083013469
1.30919086010968,-0.167319102701329,1.75218488886935
1.29851372621074,-1.03802285243504,0.318877377046264
-0.848196596885468,0.470392617263913,-0.572139659361655
-0.0274014036111113,0.142447797239909,0.222446768772078
0.71459935608369,-0.735588549800861,0.536648615231182
0.437693886479643,-1.06627661963316,-0.941801218477529
0.515883050535119,-0.659339639679901,-0.0470370832579061
0.434395860831138,0.434569921138106,1.10914082199578
-0.0168808623279884,-0.327110783313764,-0.83479856838099
-1.84897031117903,1.59649368205236,-0.390777511789001
0.639158159789933,-1.34532221830919,-1.28580204093424
-1.14115419483757,0.499720456109523,-1.00256712545442
0.59448342725741,-0.964606332240902,-1.32255149156769
0.95382348170826,-0.393887922998542,0.705816923232517
-1.07366134146979,0.67893435509599,-0.657225757382301
0.723200763587674,0.25549644677442,1.24094125753342
0.290722844643498,0.567927344506655,1.00384672304677
-0.222763412932851,-0.884670086575758,-1.53868489768251
-0.641191762323999,-0.0420091754841687,-1.29063368047224
0.444503373594371,-1.65308410044249,-1.82320129247774
-1.01371765920455,0.233702710381389,-1.09781484940274
0.351754269604537,-0.345615629431818,0.208207415739441
-0.60210489844813,-0.732294668441704,-1.6501846575898
-0.230692997694109,-0.0344988627736592,-0.361724691829349
0.765932222984396,-0.357093598666128,0.952105388903225
0.0461345928404875,-0.339479060127056,-0.508170426993785
0.822915978645871,-1.16789406059412,-0.691178164916583
0.313478715882576,0.116701011753928,0.152018079144275
0.784698627442325,-0.620603820797846,0.270174682207813
1.10695440248067,0.00207340060842154,1.38283556285931
1.011654376514,-1.18856501819613,-0.103669030634466
0.480926064725324,-0.304834275229495,-0.128350880821146
-0.506401780474741,1.32891936678232,1.18333119707493
-0.835823924079678,0.275101916935978,-0.587495824968679
0.346083489865367,-0.81517871708851,-0.637260348680257
0.59667050907573,0.556194677505821,1.46865953264462
-0.379945955166868,0.901622773657751,0.574433561488803
1.46026574621257,-0.542264890799843,0.993622533554969
0.423957776227396,-1.19066397669306,-1.49704501210249
0.0704209721478317,-0.0223178445301024,0.0675551535372392
1.26428122406637,-0.834432247814957,0.560692939205126
0.119588291490956,-0.404308538587541,-0.418281939092083
-1.14801191183674,0.849262841391893,-0.528393611575586
-0.701743487103139,0.586133164244688,-0.438389538285483
-0.644007859466443,0.392542992533331,-0.288442971106807
-0.20533698727053,0.278684384171577,0.372336357108292
-0.285261077847069,0.166037301152596,-0.051481142816765
-1.25816245001572,1.33282554138629,-0.191444466255808
-1.13804602678007,-0.150365441101334,-2.20065366067665
-1.17020226435962,0.229092922436022,-1.00423809425935
-1.21214666562853,1.5682232829676,0.542210771351164
-0.88478911517512,0.341092873411274,-1.00594678357159
0.190409369836815,-0.361322453245054,0.0208004474693057
-0.292686902302723,-1.06505820413577,-2.02239444317812
-1.85195684624858,2.04425215813812,-0.150930127745803
-1.11524143570017,0.537289299380838,-0.784253388640428
-1.91855819930986,1.68713663435035,-0.837315217739184
-0.00851344803801686,0.414235905034901,0.754928871396657
1.5029616611284,-1.12491808820343,0.504006312846388
2.15370721597723,-1.90491345573883,0.8394433370201
0.930991466126415,-0.471851913937372,1.19162341288936
-0.20899117251275,-0.571648729444165,-1.25832342574289
-0.547213299484056,0.634568244095925,-0.212878362341158
0.680810824800176,-1.24297809995195,-0.212999825552394
1.44963736425491,-1.42898685613058,0.232659327248707
-0.373650328177582,-0.424940207800785,-1.98849643442585
-0.0250944932655905,-0.000548359736965789,0.449828907046642
-1.99546214753883,1.19906726286962,-1.10968954665927
0.342387420001643,-0.200857622687043,0.0573997933277375
0.200945267574023,-0.302299422873223,-0.090185997327707
-0.577929195287818,1.17548228773325,1.11492983223779
1.33675821086468,-1.28970807136987,0.125754328041979
-0.350279624235713,1.10471055702539,0.961454225459027
0.0976351442252321,0.150604701854047,0.57162093328275
-0.26767327223427,1.62171801638836,1.64957545372705
-1.42655717369774,1.16662733759208,-0.00701072763207533
0.0527503271453671,0.0236353622656869,0.373553329064605
-0.0989732047696172,0.141396491467426,0.410581635608375
0.0937460210527718,-0.526314728209867,-0.496661587785985
-1.09152043398742,-0.00175910780748123,-1.73704734336929
-1.1009291916684,1.22929719643857,0.019283708882909
-0.766334615072354,1.58680623918466,1.06719945138336
1.42170485426206,-1.20541651280748,0.372211090031866
0.373460983597143,0.319164091686172,1.84866036523475
-1.03494587124924,0.717898781814959,-0.251621571633664
0.341620225298793,-0.385702354710238,-0.41415392168689
-0.278658261975666,0.112074264505573,-0.295964697815415
1.61224179372707,-1.56695733868445,-0.225338557891813
0.496433073531127,-0.464318729116283,0.0406222911918318
0.635568162856401,-2.25245890272805,-2.42995916031641
-0.153451828250923,0.485935772057003,0.38538725013947
-1.00513846241125,1.02765043851655,-0.0733670228800674
0.110528815395276,0.605519209837926,0.884913663781916
-1.24920128341908,0.231353468683351,-1.91430253960575
-1.38765057998806,1.08058779534677,-0.0577943580881398
-0.0995100657082667,0.545950327145043,0.305070770128563
-0.221644782701794,0.516972803718975,0.296129291137177
0.785262601468044,-0.211781654014793,0.726969160983461
-0.771958641961308,2.03225734612971,1.67725115845336
0.00661933421419712,-0.0380230821477744,-0.214032049014218
-0.926975943696645,0.0601396461288949,-1.08260327880854
-0.986062833322873,1.18934151475208,0.603427975939011
1.15777896011788,-1.00947508663842,0.182064103417039
-1.07889349906152,0.851977515278548,-0.516997185690275
0.15629354251416,-0.487440686863748,-0.273415665270927
0.714169570852022,0.0741960040916371,1.88884995207312
0.197890598879292,-0.503640270190656,-0.442703197827074
-1.62791988910102,1.38028980366224,-0.665479097155885
0.406011748521125,-0.486095510199743,-0.482294168016237
0.0365833213445593,-0.841213375781479,-0.890743021695946
-1.82935971226393,1.37836160330795,-0.718160118159608
-1.51961751308999,2.05512719926815,0.340710452269062
-0.506330291221321,0.503063496556855,-0.161494502089733
-1.03595153200983,1.07436398253789,-0.215914313412508
0.506500373524185,-0.708034016484173,-0.520223239264949
-0.0946343584532563,0.465371077328955,0.597240067311254
-0.0589340902617142,-1.12152917073633,-1.27892494794823
-0.0399396776377224,-0.486446872531769,-0.824906281501734
0.261255562727432,-1.12001528016546,-0.997542192091962
0.246832728096417,0.524194045305918,1.43511130966358
-0.537940599062239,0.136182834161418,-0.936893527136996
-0.361702928254615,0.855975229381845,1.20809255951867
0.928409395864299,-1.84069011846985,-0.969545513387605
1.0362687620034,-0.458562923124843,0.694713975318898
1.06451051848471,-0.413919539925569,1.25558749353206
-0.381407202704243,0.812660828839543,0.613813598253825
-0.0677702616560359,0.946475067235795,1.48747063823115
-2.87404249339871,2.04330852527248,-1.96274599818587
0.588791645710936,-0.736593023034216,0.120647589803361
0.467828340367688,-0.361038481093933,0.180858692683487
-0.361267142653458,0.408717615045127,-0.302018802377517
0.672794070486354,-0.774703436413267,-0.294255799985871
-0.32611347678341,1.38569207751541,0.97013351340827
-0.348860909964869,0.343042265442926,-0.207465909879932
-0.411269131911835,0.55842430831514,0.233201790538938
-0.673754508319701,0.879463354978076,0.275785075745703
0.686341749488027,-1.34543159648047,-1.1047069210777
-0.192702508672789,0.729592725787557,0.596370023186756
-1.03288699095086,1.28935688702913,0.394433846664803
-1.22567106691397,2.20854319766338,1.73033690727554
-1.38894908467684,2.40318514597516,0.795156958302201
0.102042485094495,-0.766401464573852,-1.0606939763742
-0.348782098762047,0.472756727746776,-0.194892411174775
-2.75704972232067,2.1481531183847,-1.40847904452122
0.210781418005385,-0.677731019509599,-0.414854883866442
0.0291874325756546,0.338682861429752,0.237977422795731
-0.211332458143761,0.375478619012719,0.186971097034373
1.6540374665165,-2.50097520113858,-0.814139492409891
0.0144186579430547,0.555893356082031,0.795927092599242
-2.73975424338714,2.44398690436361,-0.796744744560367
-0.989355329598254,0.39760292596788,-0.948086178179641
2.45206344477497,-1.84874661157735,0.851820118215709
1.90361046750456,-1.78600024332101,0.134017182107681
-1.247231318762,0.593499557156927,-0.505905062172566
0.906561434864075,-0.283333085035013,1.04466299545796
0.283120796739,0.127069395070877,0.68830869036758
0.155053234874317,0.448253393882857,0.839223323146967
0.25500374557096,-0.742486412069563,-0.203559236086602
1.39275862816597,-2.20156184157013,-1.07801441705827
0.549856056710878,-0.150243102858156,0.865155092336476
-0.445658016934015,-0.366673638226902,-1.13300548737144
-1.53914522359563,1.61253861297267,0.144576264690431
-1.90588286461734,2.08805916142762,-0.0155518373382826
-0.673816775387947,0.806525887193758,0.498628662566318
1.56513013425123,-1.97243172911468,-0.544916604093299
0.146381481824469,-0.0774937401272439,-0.0169149794753285
-2.3421123864415,1.70666048864849,-1.53045544081397
0.033125272564001,-0.529130425155524,-0.747836150614584
-0.741522571129195,0.348209875393457,-0.763139215265824
1.32836671199718,-0.632831585492558,1.08300289534627
-1.22622690024267,1.60950437475311,-0.0108782963706306
-1.18246892838659,0.480252241221383,-1.43558630940993
-0.903657561191073,1.49524841657952,0.722454702872044
-0.715870953657067,0.975730080812251,0.354733818443136
-1.22009672533363,0.639498307996329,-0.815080134210338
1.95031546468388,-0.6110864339868,2.40092363158347
-0.0130696626844759,-1.02502184705901,-1.71881613513019
-0.215413865346964,0.466455093409799,0.356387930999128
0.0583120529245741,1.05636822160532,1.73214801521847
-0.280550724654658,-0.0326700630544187,-0.455181924656935
-0.813331408941419,1.47157917360842,0.774705488957218
-0.528552423477519,-0.100965815172171,-0.689002765605853
-1.27726732302221,0.740569955054231,-0.823973772121229
-0.108322301643512,0.237132091714628,-0.218390279099616
-0.430075449167385,-0.67840545921777,-1.90000210357655
1.14825059530873,-0.766901554701455,0.703848628682692
-0.933626130521208,0.412809140721187,-1.15905052748523
0.0535252498211483,0.416259963831437,0.773728551350556
-0.617615748213199,0.825764986715153,0.347688008815259
0.843210942250361,-0.938945305602245,-0.396211683911903
-0.084569065358819,0.249321869318621,0.693411651713776
-0.0696625273052436,0.311953670524876,0.317411525434053
2.15639774076182,-0.92233735698004,1.95287160965593
-0.127404089947392,0.0889120293948622,-0.0359898088260179
-0.565095410492474,0.500496560740676,-0.363536783509563
-1.09620213295198,1.3596260410143,0.454474415433062
-0.568030677344538,1.21809604676851,0.818463287113694
-0.283665218588817,-0.345270852892498,-0.947241531960003
-0.136985964857522,0.15009980655867,0.136445114897452
0.906600388246007,-0.528833970720462,0.942320682134293
1.06540057402709,-2.61060969245002,-2.22174911835535
0.569932538092558,-1.12772731385707,-1.02878832802045
0.273736471912206,-0.483843150713861,-0.789302189728845
0.905854843976373,-1.22918766008516,-0.251199076171896
0.412430114457017,0.582817094259795,1.5420090020776
0.665610352836782,0.151866373079441,1.13359697747142
-1.65556135368929,1.41020710484609,-0.143040573087677
-1.40627766063955,1.73230109750873,0.296742115086897
0.0994814242802729,-0.289118217927742,0.046263600654696
1.42415647914164,-0.196815908481597,1.64264170410847
0.759285844342793,-0.83314246814912,-0.31551273602362
0.389895101103217,-0.322686509131522,0.376447426718205
1.79239787563701,-0.811888169547817,1.40803374021805
0.139622664969318,0.736249164360073,1.63081146744773
-1.58478158266429,1.83568321851171,0.0848049459340406
-0.625362690703707,-0.160431184826661,-1.29747978723986
0.688656505383638,0.310237922413503,1.56077899152289
-0.0730523864217389,-0.0629596537296891,0.0797892526162284
-1.08119344744204,1.01496598068442,0.0887943244165389
1.06185151113365,-0.599239082863268,0.439650822622107
-0.821084729814662,0.224574829222491,-1.38315761288273
0.0400203344434218,0.701751742825347,0.346432070852704
0.758387891981524,-0.728307306059325,-0.101596352264295
0.770008811410607,-0.226975953824761,0.898623808786324
-0.919643353169371,0.312797616192748,-1.46090358804471
1.88089390836698,-1.59807174320215,0.392556579647785
-2.16095244416957,1.47108494715542,-1.40029941034367
-1.40231588288433,2.55223580018227,1.7654442814693
-1.53566588717424,1.90891786057021,0.680023346298955
0.589830688745609,-0.232402310059567,0.625037676430069
0.619161217607744,-1.11490043774507,-0.840872667147427
-1.00200725819239,0.702077230560809,-0.500841942572513
0.602056524142745,-0.164211904018503,1.13036062171502
0.59730928742892,0.275942722830602,1.65492571463301
-0.58846041309898,0.921549099383268,0.550955464771154
0.119178234168883,-0.637375212318237,-0.559962221164198
0.0637287482312545,-0.263884511547071,-0.00699781585608161
0.992325368595558,-0.269721953800343,0.375556106160292
-0.897316832710047,1.28019465733081,0.231127514944576
0.408539629742539,-0.217084100208376,0.652103741723915
-0.710371670379638,0.533615914687274,-0.231407760691022
1.272654447469,-1.12455205912043,0.441914061820096
-1.34284820600392,1.45410858276604,0.0731657997966108
0.63930734251053,-0.757848212989172,0.402284710229331
-0.139826104242308,0.184544132703888,0.0175490310382367
0.84630489128897,-1.13811332738502,-0.267402713138829
0.574569598467987,-1.20679961156419,-0.781487432229562
-0.593802062268665,1.33232812127226,1.21094185601701
-1.72513390940011,1.93167799667989,0.171577715749863
-0.561324761899199,0.235708432830468,-0.911983630410858
0.386196851653908,-1.29207136413168,-1.30739292624295
0.455175607836962,-0.314110469072538,0.51049181728256
0.0505481045556819,1.34492797889169,1.76506172110329
1.53911616866609,-2.19997264134224,-1.10475126411052
-0.901360547048799,-0.191578979058675,-1.23619141671439
1.03370332012997,-0.00420275704983142,1.42036699521154
0.0855970933090572,0.602626820002993,1.31980088939291
0.560136773572271,-0.353220894317419,0.0140265165181525
0.30968619619025,-0.354845245876422,-0.225961685878967
1.57615726400038,-1.68176805362908,0.0949914154386709
0.516035756461069,0.217864252057889,1.22692410947289
1.97321531497352,-1.31149020324209,1.02943465917729
0.102511535835645,0.319468318697033,-0.0321669195219321
-0.0955640513470253,0.101366666187212,-0.0733737096285283
0.0513685364867313,-1.23617864531362,-1.60245704838936
0.00302934280112633,-0.297880574700722,-1.27956429417513
-0.411212736897843,0.399895312349635,-0.0832537369885502
-0.608697428954805,0.679945115988997,-0.236175253472183
0.699281047319464,-0.0639854127396908,1.280831432155
0.798846270365293,-0.850353342322252,0.00692388560166488
1.24507337169485,-0.629493522226079,1.13093291825703
1.27917971095465,-1.39945127388551,-0.0240624595538414
1.30150900263725,-1.19108101885042,0.344367929204549
-0.146673230610888,0.857696940972415,1.05111344967571
0.0672402924146965,-0.462525499038555,-0.688257921140228
-1.56921420908198,1.50112329173045,-0.0199446055022534
-1.33738430955247,1.31072028482465,-0.0890432220618696
0.195321000040206,-0.11337923396487,0.627505583452901
0.333007077579299,0.574681911664655,1.48257439988156
0.487323595739937,-0.71370134965887,0.529430564237303
-0.0598160756893157,-0.250632660164805,-0.341057416690493
0.409180178437925,0.106903410923037,0.518140732114683
-0.137185091519559,1.05432403993965,1.16553522934351
-0.356190513110566,0.651085775021998,0.205698327579768
1.13451200339725,-0.654128629361428,0.846642550705468
-1.59171399396362,1.06507098662508,-0.331053795592085
-0.28590515559225,0.621351394263122,0.177059745204386
-1.59070303925404,1.69820151319288,0.410636556412169
-1.54438030938404,1.74314579644007,0.214172891424765
-0.366187310859143,1.34252083873701,1.06989573314274
-0.117439298841842,0.495054766996332,0.209664354689431
1.10596780578619,-0.953266273789645,0.709915413055532
-0.0232968160916682,-0.422425827098768,-1.04607443640526
-1.37306589237184,1.00901845751311,-1.2765650952446
-1.55956853741809,2.42527577142512,1.02401638901581
1.35762067316143,-0.096701310246244,2.00779812639895
0.00362061633761048,0.114969574484702,0.374358398875344
0.801124844964395,-1.85002022383717,-1.41192647765718
0.613096606859849,-0.592488374119919,0.165197778257327
0.892404141125057,-0.802491172153921,0.687329522834232
0.452619354870756,-1.31951203543893,-1.2576891857483
0.567634468128946,-0.356500104444999,-0.0410039490035846
-1.88395251169133,1.46633380445423,-0.607639741685691
-0.708000728772153,0.793006944307417,0.217268512595386
0.974626092393341,-0.427229368316045,0.972103948095886
-1.5660037041717,0.947926074481042,-0.810889895213282
0.451866719214799,-0.900235917483719,-0.502326236847782
-0.0939645105797747,0.833756603417065,1.0480084436826
-0.388169030127935,0.154262324956745,-0.642595562279704
1.29275143050665,-0.935088432240787,0.480421775222569
0.398603900801511,0.196488154633985,0.778076741014655
-0.305488889429697,0.20887830283867,-0.770334807616265
0.155436421357447,-0.0988118005765508,0.0209368375534575
-1.0211932583223,1.4561688687188,0.378404957065241
0.135303912879276,1.15942942711734,1.70875343152496
-0.668737894045782,0.627317559795505,-0.219220921310262
-0.492696439200976,0.640020074993642,0.226437640460964
-1.07462563331733,0.0312499939907787,-1.44814230127059
-0.839468642147749,0.098319877689791,-0.795253490095138
0.0759841521696002,-0.384531066316547,-0.206611683318666
1.30430052382949,-0.452374434598029,1.07384511080076
-0.606029025718392,0.674858853878833,-0.374787973810795
-0.381966279527664,0.29699737893108,-0.184677472824016
0.223432418861722,-0.0688366350820416,0.513674723006237
-0.0530718448200924,-0.455457393452975,-0.776523010040097
-0.209658043434838,0.191480171775529,0.391993703519469
0.566660058392043,0.620420168465211,2.10977856421998
1.79407452864789,-2.25398896285619,-0.675897087979209
-0.556284345887489,0.258978820458362,-0.603405695129918
0.458526008426864,-1.12351029640017,-1.06684525422849
-0.556814221798541,0.220788141709218,-0.727436510516402
1.20312707053266,-0.501177716382844,1.21867017589438
-1.41502814138869,2.89228714507456,2.25536403239193
1.23388452172586,-2.12193845045952,-1.21202807375996
0.768127528360915,-0.381729827731021,0.82508589729283
0.590518608276321,-0.733499338592329,-0.215679681504131
-0.926269383723312,1.39347698893071,-0.00764005096954734
-0.280620438336351,0.711742884671902,0.529627098670339
1.45075731996683,-0.655709949080245,1.05148386625819
-0.0598778067009555,0.0548209373106195,0.0662760766474937
-0.528160505923408,0.0522840999186988,-0.824285902089324
0.91234717100544,-0.0557113846729621,1.15879989629569
0.0553233936383655,-0.644653774641577,-1.07115320451902
-0.611435814505261,-0.300884706320552,-1.98422914558918
0.768002127529136,-0.370944913920772,0.410890890285685
0.958075773112283,0.319970932373224,1.192252896267
1.15025508071742,-0.183467871921472,1.56962493429879
-0.523083809187373,-0.242488971257605,-1.4262326675886
-0.636700257754092,-0.754198652302466,-2.27249769306699
0.986793426319455,-1.24237482861512,0.207124507006666
-0.0500492609915262,0.106656632481239,0.217963251621614
-0.939003904707139,0.286775751979923,-1.17272183559715
1.77287949441054,-1.16237320053025,1.05066347113413
-1.11659543381566,0.840815259134806,-0.40538663110925
-0.360622169253726,-0.244292881567507,-1.19600221434579
-0.219911556074559,0.381261315011774,0.497801650419749
-1.33545314019712,0.587834826914008,-1.83851356965666
0.110056218193675,0.34161524968624,0.740406936700739
1.22876218801499,-0.632967346838323,0.822074892990345
1.4466653579162,-0.891295865076138,1.13525144371665
-0.921834963877281,0.587871948002731,-0.949116921348843
-0.0725396460455105,0.876972463858451,1.01748915898877
0.0652002193600942,0.418228026066143,0.232166621541683
-1.36936431323817,0.538979569017119,-1.26190259713632
0.0804689461039362,0.683672941427182,0.74465988451358
-0.439069294322646,-0.909700936375242,-1.51438929861886
1.08432849074413,-1.25194333674311,-0.197005698703022
-0.134829273222472,1.18507701360627,1.51349117288299
0.412998288890057,0.089344642668149,0.977151081105557
-1.67105946529188,1.78087655674708,-0.302569398812943
-0.0316885733109696,-1.13132493026336,-1.61953652768927
-1.00503886550696,-0.503341002968308,-2.78909971307113
-1.42072213555102,1.46689669170783,0.00139185752845586
0.68507391296196,-0.867205424859667,-0.132761574113091
0.411596177796364,-0.380312371612083,-0.239035411608987
1.12913359573999,0.097502498032491,2.4992471655495
0.892548035572446,-0.826361238382649,0.156703141867993
-0.305330139658066,0.0865440090126641,-0.365294967024971
-1.97266335973404,1.58486763801832,-0.709167913684625
-0.950369853521111,-0.29399290230031,-2.01032905120059
-3.12158955842453,3.50079991408547,0.406787184764842
-0.976670320071121,0.790416761419833,-0.426880746907023
-1.66021336852687,0.801110066662192,-1.1374444944594
-1.155821306734,0.473819618417841,-1.33567937524883
1.22705248547405,-1.09615678467209,0.490674267365462
0.771433127103725,-0.845186581557437,-0.357286991705933
0.170101777039984,-0.351206820862627,0.187505163375226
-0.519946863243269,0.229572233955026,-0.273648909558725
-0.663578420365435,0.5200924071102,-0.132933674300778
-0.404274700505695,-0.40356952572391,-1.11856335436678
-0.279861864189669,-0.988023589375095,-1.78211297383293
0.131799250869177,-1.11270216292426,-1.55900237629788
-0.175124623445125,-0.193878759278866,-0.387933770178542
-1.57605151328026,0.688265547189529,-1.59159770111684
1.44390639515157,-1.24827756940955,0.138391290133681
1.53846974718311,-1.36948138222237,0.579587291187037
1.12179403686998,-0.651707994084487,1.19132004288749
-0.790921271535216,1.5919086894773,0.525617827600137
-0.975363113976848,0.428414095870413,-0.828911309390985
-0.473448624825338,0.728625488273413,0.441211986226133
0.67886090857055,0.34638788824524,1.13140631915097
0.969974980650082,-0.935259445237191,-0.0815201538121835
-1.77703410191596,0.91220514655737,-1.53593276761411
-1.94024447918985,1.33617591077157,-0.936041926257947
-1.29797041852965,1.03546789341495,-0.924346718367306
-0.0516841852311564,0.578257224200372,0.1049474874968
2.30641643226721,-2.54578335914433,0.190898235297964
2.07910159606188,-2.22957569081351,-0.187721699637018
1.02165032799741,-1.30782232079812,-0.585201111902156
1.5811192798267,-0.205029742968939,2.09567600007967
2.28111019497527,-0.682639826023927,2.54189934299325
-0.813859139266671,0.247134122774941,-0.49102687183252
0.540016608296576,-0.0466487853581727,0.768851955054825
0.182879553229633,-0.439412390722142,-0.011765279918517
-0.326051022249221,1.45595833809605,1.77080233096781
0.988333223717117,0.0947077821965326,1.66020857351518
-1.76753109920023,1.04824449629824,-1.05848684402549
1.20338721999315,-0.837755679831077,0.912027157780806
0.94304143399232,-0.137577275738179,1.49111108656887
-0.191427065286232,0.767955751025921,0.661164035083718
0.348548859453759,-0.584463412676969,-0.159578085669141
0.50098539560201,-0.464136626848047,0.117032936142068
0.433715804571129,-1.0256113343229,-0.502459525580244
0.269274289996768,0.113709752837307,0.532606907089613
-1.87844024995049,1.95173651703686,-0.180390076738368
0.618260659063715,0.734153649731,1.67764220448313
1.35294140674424,-1.30286631436134,0.205272690676418
-0.532218092437793,0.126674187535667,-0.987826354561381
0.12624092272811,0.182725601320191,0.404700673610309
-1.61928644995828,1.05377373223498,-0.873695588757411
-0.720719404060524,0.222536384996952,-1.14839291143169
0.591456646071839,-0.874348686258515,0.601592092981458
1.01303941735815,-0.910023925677347,0.262080542746215
-0.717301983174412,0.742644403524345,-0.0409234598093177
-1.72970022640833,0.277676011281146,-2.11031311191634
-2.31793757081662,1.62616281242155,-0.763303994776949
-1.66285504901553,1.50712183868138,0.058344535539323
0.511946896762047,0.361983923228729,1.03077033853444
0.632389354506734,-0.396064283017595,0.81415077575744
2.48732767144425,-1.92106511890652,1.42099119799541
-0.402709871192964,0.106726068341687,-0.637087308818392
-1.35467498027566,1.12774330145789,-0.489933778776997
0.721869883981367,-0.706447281868802,-0.170489829985096
-0.128438540802172,1.20687712533457,1.67779614170879
0.274793677660706,0.413990908669678,1.55973105830637
1.71081921609865,-1.62751273324139,0.286786815985912
-0.363225044500591,0.169985751778332,-0.184935484814706
-0.479941984802211,-0.315361520234252,-1.27333794504662
1.44983465190903,-0.0481433981753394,2.06553747609657
0.826968315956171,-0.739055594212522,0.182638093628169
-0.674273284800463,-0.407641651436275,-1.10040989646153
0.801116813864507,-1.71625228759651,-1.33642962344238
1.55431592932965,-1.17955706755218,0.771415196878882
0.849227967140941,-0.0850736066607886,1.38524604860354
0.415215485556038,0.552791050456004,1.95403281879967
0.22835960194932,-0.307557810795838,-0.0854029590825514
0.349722663254964,-0.686364916049891,-0.255941074832124
-1.28943803526936,2.36719078120018,0.673070473095599
0.172834278705764,-0.173609911557297,0.181302190343407
-0.410473602104307,1.76982197787161,1.87489665484713
0.0233964428346382,0.655756010548426,1.19163375213437
0.180907478694348,-0.246487681198951,-0.14454888240873
-1.35493069283705,1.46191820138192,0.13733985296075
-1.04404185845675,0.722862141991135,-0.196134922351567
1.27409281326188,-1.75197106552492,-0.309585984796767
0.126830700702607,0.13164435374804,0.127406498771334
-0.207086990008975,-1.06937802137605,-2.08715645722246
-0.306622124375416,1.02734827962026,0.691348379184846
0.301720185835217,-0.187392236568509,-0.207820197380635
0.282523871303602,0.722400573217414,1.7632149245456
1.13143023201082,-1.03336172602496,0.552941365871652
-2.37080962953567,1.14469253801563,-2.08661090066552
0.108511592901088,0.223342998266719,0.706552169814585
-0.459943832776297,0.0789881383143332,-0.705507988543126
-0.561765971843708,0.374591158436127,-0.0711465061611983
0.463346913606021,-0.634296732682484,-0.401883477352339
-0.104452793590559,-0.0412377126678321,0.141479824376214
-2.27043569901944,1.23227695778654,-1.5666301066248
0.662561672297886,-0.920643487070455,-0.361400249933245
1.79691164714174,-2.09679636665004,0.29651032109793
0.316944408144578,0.376190326463278,0.879504047268253
-1.1202125363024,1.13512572548196,0.0226826337901241
-0.425153649050582,-0.186071684348197,-0.542536227769857
-1.336786756495,1.92697486303559,0.526658837535
-1.88268645782021,2.81433590529056,1.24945805014999
-1.06931282870499,0.630363273990822,-0.989813679133498
0.315122868711274,-0.171734663558826,-0.127731071934823
0.256480536921,-0.609626553584247,-0.292810043307802
0.60236487324394,-0.502312110510914,-0.023994859618733
-0.470435554214209,-0.231342439205253,-0.817432370996169
1.35402356223174,-1.05317522259352,0.68544421127195
-0.208998873319395,0.298275091393621,0.664294829393236
0.261721804971701,0.591439267636492,1.33528775102798
-1.37578486118361,0.386304019892502,-1.8724517060809
-0.0996311970871477,0.0132639576022864,0.219620942278281
-1.65588593019168,0.697322769746204,-2.08741762403925
0.513120771530791,-0.678070724814988,-0.729589265444934
-0.81984763909602,0.0587523820483107,-1.10181324378137
0.55741649513032,-1.20993540059144,-0.574974536764168
0.466612171266509,-0.232938746324283,0.468215418818825
0.432419921394225,0.237997355254869,0.858651983535539
0.0457684846023251,1.64020006068134,2.11599429761646
0.295429570932665,-1.09912239587552,-1.06453550468792
0.974960634237072,-2.19204580059361,-1.82395248919237
2.25387414958176,-2.26751195298469,-0.193724372348353
0.457669381653571,-0.79993603979736,-0.00116583931469805
1.08204886247428,-0.385784023513617,0.701026274608143
0.359203832683437,-0.0586295357352855,-0.147092910396438
0.627833902936121,-0.321899174818104,0.19611195124301
-0.208649459637271,1.39570350560833,1.9252229905182
-1.27722931459657,1.0764578555777,0.0888910599491249
0.0324521834740626,-0.332821376022059,-0.0829829874206227
-0.465277341676142,0.233843844094883,-0.130837320137956
1.77914433197065,-1.91852109499105,-0.0718781051808953
-0.0690373174875259,0.591708488439272,1.2065590440493
1.69110650022572,-1.48921534969843,0.757154741621538
-0.873602629216866,0.376189279361602,-1.17241271884976
-1.10041581804787,1.23506461265182,0.290975102730121
0.2172775622243,-0.631150475813607,-0.485155068177719
-1.20499378378578,-0.0894634233942039,-2.15354860519006
-0.412127859628096,-0.240146443607511,-1.5854857284749
-0.424665378821888,0.659354739012106,0.52620289192882
1.59545412796003,-1.25129940872161,1.35309878131195
0.452700218633538,-0.456299339986151,-0.530318959903534
2.43040541611727,-1.09790388583359,2.38370022171917
1.11845496331413,-0.268140392732488,1.60867123571233
0.941835292409226,-0.116189283739033,1.09149864795228
-0.268537855257626,0.285343485186446,-0.260654963559592
2.17520633925326,-2.53483500513498,-0.235379288132873
-0.79464494738486,0.689250242504243,-0.190142059387214
-0.0483643919669478,-1.81810168021305,-3.44561936545103
0.720620290080438,-1.11179094406012,-0.45602957766211
0.800029861714899,-0.741001982813526,-0.0388586701442511
-0.226605656334537,1.14640908157479,1.76853987017057
1.9459047621514,-0.65621980194804,1.60409030882776
-1.85552188970051,1.52354236044869,-0.738681216903434
-1.47774408655812,-0.0143801917297495,-1.94754575680686
1.67037577549826,-1.17794670798293,0.94779064447483
-0.122105387354304,-0.198972134441612,-0.891923335150199
-0.204900292750302,-0.465403890901136,-0.934114237864743
0.707658062488872,-0.740645258823177,0.473422800620809
1.67522515490644,-0.597733981305721,1.32153521046857
-1.54174462943996,1.27956235011848,-0.502809986689936
0.67344443228018,-1.42050807239219,-1.08630192960662
0.351772557975451,-1.28032991319376,-1.24643127343376
1.9028274960604,-2.43352743182094,-0.158454897044522
1.05160048780144,-0.208207386870957,1.76184208115415
0.0206470049522504,0.10428332897928,-0.112350145551666
0.51847961452904,0.349769834028133,1.36904374422169
1.17516956476708,-0.194699893090923,1.16179027317042
0.337971088993264,-0.555468478873026,-0.326088594526467
-0.166388629402766,-0.540785417867258,-0.75942513757694
-0.913276691998237,1.02214462632648,-0.479445835396086
-0.369801469946851,0.170632833522689,-0.525882528104148
-0.176596284491469,0.762763971115249,1.00158331529039
-0.793250832472201,0.507076373082642,-0.530314186192077
-0.3783504082483,0.22359793534043,-0.353070478814471
2.13748108723959,-1.53601609190272,1.26954762295385
-0.578984287083455,0.608474654783728,0.0640290038441351
0.395982955555735,-0.206614028541035,0.908683165777678
-1.96677690750661,1.90025847595965,-0.156684469552817
-0.712955300810962,0.605842077587971,-0.505525327113927
-0.744272674943207,-0.731566071764226,-1.83580785861141
-0.547183932184669,0.800759310147344,0.223586360179627
2.02384147438234,-1.47383615279663,1.68085411125725
0.164227326967003,0.739203701564505,1.35999895711043
0.348801444836688,-0.424842080924749,-0.0404866568903708
0.716221952109442,-0.279039306802059,0.221320688899941
1.21628139716564,-1.41921658131122,0.123186629890361
-0.123502076132489,0.1411321220599,0.166918299511645
-0.89983908974927,0.679283418783409,-0.626374806055066
0.681209291320545,-0.344437721604998,0.137961779536505
-0.312502196950225,-0.108986889492667,-0.841321964578802
0.00570825393413705,-1.09490404780256,-0.998748731781491
0.476022167894865,-1.54148365986914,-1.75855706943495
0.370420131284869,-1.67231397746049,-1.98306717934078
-0.0192449027618952,0.777651072432048,1.59301335234256
1.32330980569225,-0.169523720141838,1.66559293306744
1.13795383351614,-0.885698940005371,1.03115630064259
0.334757342722889,0.1437243340946,0.842684833084682
0.817685587115302,-0.423663861418285,0.526308096424317
0.107896650199128,1.67757537588407,2.26981547211798
0.505308049224106,-0.152604622472267,0.86612529957715
-2.31956732648587,1.09876946788784,-1.98286913237229
-0.927628206920218,0.484181531002954,-0.541157259066166
-0.032302605460067,-0.443000603787263,-0.776859946905448
1.73170080210978,-0.424553052728469,1.94624794977389
1.54629073320825,-0.870635001235323,1.41399074557843
-0.964235662643812,-0.151131945291894,-1.32198672645242
-0.733355469622572,0.208141614206353,-0.774568114795765
-1.64843943609206,1.67413749735108,0.249264080891172
-0.114559114957264,-0.945224390753197,-1.71909863707256
-0.557125177901393,1.07434442564989,1.00003856657423
0.299613183478682,-0.470779028648534,-0.257719860441822
0.673903556218007,-0.0521694934931566,1.49650135696948
-1.21739996241115,1.20028368723494,-0.0828584572614015
-1.72324933641308,1.25154488896089,-1.03747110250653
-1.1678906664623,1.08414298332843,-0.964022070421379
1.07254119901202,0.0387652303805451,2.09747889325764
0.913429498300937,-0.582124094176857,0.627946595012576
-0.113596840398785,-0.365471556301128,-0.642552051941946
0.751350438324361,-1.3861845767251,-0.90808292239227
-0.338961758449705,0.453207907924664,-0.129776432702435
0.960120381813917,-1.06909255132585,0.327960676669107
-0.511531193598129,1.13470531056256,0.743053060011249
0.647112423124848,-0.351291166082606,0.471992764668584
1.49483587800407,-1.0853955782243,0.884381692322054
-0.142219165336685,-0.129899088630652,0.249569948007612
-0.211317798458658,0.255336868139981,0.138888505637632
0.17377402735714,0.718344793405501,0.95939698909246
-0.347597666575773,-0.404274357346248,-1.3310903910974
0.49345739014308,0.112235026484184,1.77877503281787
0.502396040738213,-0.578682793555819,-0.35390153486639
0.405157913360274,0.232503083965238,0.838473257460386
0.267314289571071,-0.0671373457976379,0.199446249787996
0.780106903594324,-1.48198313370548,-0.323761080429164
0.0540846199169085,0.212702887585026,0.423405322457994
-1.32556892153559,1.41480932970433,-0.0525880769444307
-1.02213346996769,1.04744894948535,-0.658183998872956
1.53574022906254,-1.76890483805305,-0.202960357713218
1.85216155931704,-2.35065479998506,-0.0139838842772516
0.807126275854503,-0.215850991217026,0.291035777441782
-0.242328261872491,-0.642710179299691,-1.51656179950642
0.438613706877955,-0.880912317330414,-0.265830826419142
0.0489247951400197,-0.991102279832818,-1.10034785780706
-0.602993671510184,-0.139778556215414,-0.787081298717479
0.317822051131172,0.0420748343984944,0.64946174295429
-0.697667631484177,0.568943651736672,-0.31691191582496
-0.650087687334431,-0.494971492950467,-1.58356624315643
-0.667137710462279,1.32455878672563,1.16899206597343
-0.298535026943634,0.433796434926064,0.439189905225869
-0.284542213957027,2.04111913556579,2.67400952257612
-0.0933658954736098,0.107797784517477,-0.00105212449787818
1.30900974355049,-0.301211943158103,1.64162510554582
-0.158853743973689,0.480710835083189,0.26952639229571
0.0566506693317164,-0.157038689610538,-0.561101948602978
-0.563311348705511,-0.214637334334088,-0.905930405460922
-1.17251207357811,0.865956706552913,-0.86264824467199
0.094800999522558,-0.359825467890231,0.328918873225059
-0.332031431424616,0.715745943184586,0.632256523989785
0.679020226708391,0.0709223209701668,1.01388585335824
-1.13347887653127,1.30495476869125,-0.154371037965861
1.36526639225024,-1.74833222271637,-1.16615323654545
-1.05806358212013,0.535986510144872,-0.305426242312627
0.823985914004987,0.284690580704049,1.30123674555198
1.11467713599476,-1.25653477830996,0.177410469575723
-1.9434503392748,2.1452598112686,-0.0145308006333713
-0.186331780188184,0.943773339021126,1.18179767393828
0.100736969779704,0.413465753226388,0.488906201764011
-1.33150173193822,1.71536594178047,0.830907088443906
0.499641061542692,-0.404413575069858,0.616369974128322
0.148903331203836,0.114545057480313,0.432307005604027
0.752450112402711,-1.30512117534667,-0.852771117460649
-0.200352756095668,-0.811654229089957,-1.25384605048424
0.216093825107763,-0.598647845608282,-0.423918187143198
0.172628540068317,-0.560845326729892,-0.522659928080003
-0.758236450912125,0.928111747321369,-0.253406377194507
0.161761188031519,0.377678072691332,0.858060040706124
-0.778971456074932,-0.0276099139055205,-1.7353972697715
0.456257766576094,-0.254562240799149,0.359318499156129
0.692115714615254,-1.37343511565761,-0.746465130119684
-1.32193204715572,0.888772435877816,-1.40013024123117
-1.61760473485137,0.85984465943785,-1.18282368281549
0.225596198943628,0.380952665456175,1.03309202516176
0.454519032908939,-0.940859601095028,-0.989625712930813
-0.600326982078583,-0.584775044331607,-1.80586092409032
-0.232625733886318,-0.12176497513619,-0.482413168619966
-1.43162311051427,0.00611161588168185,-2.04783135689528
-0.97562604976258,0.254615120631565,-1.28260988932683
-0.774329799204873,1.3582495372969,1.06391688361519
0.0501034025012154,-0.166312006462602,-0.345071639760663
0.995449252995684,-0.65279490683374,0.669001658855506
-1.49630315659423,1.72365853471429,-0.017764294092458
0.341492201507447,-0.243368136582691,0.572518854041274
1.3494569404246,-0.298020629780886,1.64270093271555
-0.113548968509768,0.148640805921491,0.183791023588886
-0.0296187668378711,-0.772394053696298,-1.42709706929249
-1.0903346926371,0.471714151800866,-0.628705361355969
-0.0913394476490361,0.475037481500872,0.517597059495531
0.951227967519402,-1.85067815611943,-1.33304898587719
-0.085384575286346,0.29445935929625,0.22378581644459
-0.207651077394831,0.844213258788081,1.0825743700193
-0.327001306221747,0.222945860022717,0.0193458115294783
-1.61995733533253,1.8045810841565,0.494980833828861
-0.593597830803156,0.50738946581055,-0.649226392585684
-0.119893033457654,0.254092632515045,-0.0455067323703757
-0.100782878482008,-0.478476160061843,-0.875428929286774
-0.239385521659732,0.489845323475568,0.558618927404313
1.65444670043567,-0.815312217830924,1.2740113323317
-0.186337593980856,1.19024144756586,1.07521184803538
-0.118368273547563,1.53048177888821,1.91414103887717
-1.190763198014,1.12196064848767,-0.609079485322557
-1.42440786116621,1.01024374048784,-1.1099784622538
-0.462359818652648,1.12478553996724,1.49192290412644
-0.707581369583695,0.305697180648508,-0.582536648671406
-1.04518529241497,0.824543467844087,-0.747418142633665
-0.817609557276526,0.581940234725177,-0.457627859441506
0.81638178537674,-0.896032650608338,0.144530993999682
-1.70863033598225,1.52722965674706,-0.199743550375028
-0.0579183325200141,-0.0394457599710362,-0.266841713640654
0.145840440285104,0.378878778492543,1.05403957856703
0.235520944916494,-0.491034250747214,0.173076635548858
0.982164709994484,-1.34061063411046,-0.347342398562364
-1.63964964923965,0.335968314686548,-2.30935519950006
0.0331242280876325,-0.365227999240125,-0.109901729655322
2.08445562885346,-1.12204168277149,1.99753463330372
0.861026170136558,-0.0327077192629435,2.02608773175783
-0.694030413651097,-0.163589554031686,-0.535976466992854
-0.574868342628125,-0.319819962406997,-1.66988028962686
0.7480309914925,-0.922708959074286,-0.288422150480762
-0.307325850247545,0.793952613479246,0.651455009938256
0.879498102472642,-0.65245352172848,0.769780359509127
0.816645175108866,-0.343494873382955,0.988632771367654
-1.83371135859652,1.40238132488547,-0.941393844925869
-1.55511688018345,1.35221228715748,-0.28215331127782
0.571057337482294,-0.87308209374269,-0.266535026546973
0.395968605269235,0.780660504723787,1.41015893278159
0.689204798794156,-0.756106642293572,0.0536459378705855
-1.1325437018614,0.378523143272245,-1.67568209429201
-0.0907576441298805,0.197867075127016,0.0682276367701935
-0.851208813007366,1.04693895737515,0.462930165038695
-0.276425000993806,1.06858566439764,0.726005599903977
0.712297110467219,-0.0922776945200687,0.724324996135564
0.578206132275472,-0.0506403284444919,1.17647116822803
0.37756691440136,-0.831438383232379,-0.774690213409932
-0.493622620284833,0.999709782001162,0.498269455370079
-1.16167999454155,1.23215669613743,0.22977670250134
2.11546634775125,-1.20638708857109,1.54556789120024
0.161571679545662,-0.678876810632006,-0.0712855732521644
-0.778606287818784,0.698579246431598,0.0272809907149645
-1.55246131482529,1.81878371389113,0.303450135388033
-0.150156739866741,0.398907511936097,0.202255779369728
-2.25887718314616,2.20913378205717,-0.458515967650221
1.53143210083687,-1.73963390616555,0.073397891029924
0.562819359697308,-0.478386063149484,-0.157059398687396
0.187870408451239,-0.948894712817525,-1.30593816814136
-0.725645358329737,1.32998815365515,0.312015362395984
-0.858404177074635,-0.128847744790581,-1.40292175421483
0.503619921732109,0.647357502617784,1.4974504173094
1.659318485148,-1.02459477563295,1.16647710047198
0.789605711169057,-1.22233200992655,-0.600891717925474
-0.662643862957522,1.82447739362568,1.36589397805991
0.0854936287212985,0.231405445886818,-0.200352393696996
0.637272850966155,-1.65597149240121,-1.27863534153472
-1.77332339924562,1.01986562701637,-1.25806249459363
-0.695419500898347,-0.175617631600558,-0.774669490239536
0.215273254194407,1.02275661246931,1.61165535982569
-0.491129285803014,1.56111206770012,1.50698106743092
-0.0325009468663131,0.746627458080668,0.837413775635398
-1.32634077685088,1.27767541219061,-0.352625140117609
-0.14384184703626,0.427252955019786,-0.0783732995179653
-1.56849172765417,1.95752520511163,0.392269059099759
1.02029195825466,-0.908513545971912,0.437076552150273
0.452359668108584,-0.843696017315383,-0.149614262556649
0.860497783068994,-0.585456116011619,0.487277274299817
2.31931695885595,-2.84584447600524,-0.799650432050579
1.69782921062558,-1.46134409342161,0.0138693711055566
-0.380018042606006,0.683163014123328,0.742845255118845
0.499783976668758,-0.760915879596377,-0.780916120232672
1.6230723755034,-1.31513252960569,0.447575290608467
-0.529109729815013,0.972446346129824,0.157328714619155
-0.342740734400944,1.0273503022048,1.11761061955048
0.45837148660632,-0.246062929092189,0.1440051112711
-0.111861862806773,-0.416899176814492,-0.534083056466678
0.402375860343973,-0.604006335780102,0.0976851102411796
1.49112302807203,-0.580199998957977,1.773399381962
-0.49461094827532,1.03857126387106,0.371509640480919
1.0217972683066,0.0352967364770865,1.75534025031861
-0.0926086474024998,-0.248062825057682,-0.895670877673735
-0.22441926802786,0.0836627123196771,0.127536187725243
-1.08608474192461,0.801619781519294,-0.657769461222129
-0.338173368782297,0.666700787152871,0.448358026108116
0.0997946267442897,0.196163709952346,-0.0289756875003915
-0.108072693815676,0.156911656946145,-0.0270946043839756
0.80511811527865,-1.50839582086141,-1.76352690823751
-1.20696294879177,1.24734450943218,0.448657988586076
1.56335777940331,-2.10153894774015,-0.854269637489351
1.08088459541691,-0.86814665880331,0.562681665780196
0.728622708209567,0.0605876240823945,1.70962520383522
0.132216291843917,-0.0884817974532724,-0.518611176594917
0.780469660680794,-0.705888321412717,-0.223252235245604
0.120875824385203,0.171474459941657,0.041403624699317
-0.533101837516377,0.511536876894018,-0.442138270037415
0.0279383978956599,0.0188314156107402,0.540073935023886
1.31340942893488,-1.49830377262552,0.394857212773173
0.687440091056924,-1.60746728150264,-1.55435068425762
-0.819875944326662,0.560848991145902,-0.628798503211603
-1.21709880332601,0.222928897427555,-1.1768160786014
0.172777983402951,-0.0532420193770965,0.177328715195127
0.759531481900554,-0.28555185641641,0.874002334716814
2.44599577393172,-2.24199106113584,0.817143092041961
1.2923264608426,-0.875065824603912,0.358574739660133
-0.418304589004052,0.654415502647883,0.133774099005684
0.204266476792433,-0.478962284903418,-0.210769352392619
1.35451114756927,-1.50750833730285,-0.418474450901275
-0.658154237504527,0.459535749369242,-0.575412101356019
-1.28543228885449,2.07623708549527,0.83868653482445
0.948599871322227,-1.329029439406,-0.568384569595557
0.413234992821584,-0.433953772379894,0.254481162295298
0.50374180251693,-0.331150154678145,0.228568381238093
-1.33628006321792,0.588921795957525,-1.57786417257268
-0.168491956693518,0.140071725891145,0.132600706187589
-0.583257267142685,-0.0460615414428505,-0.964993836896916
-0.284886478281458,0.197004399148923,0.597606009966247
1.06773351961485,-1.2652328430025,0.0889251475689032
-0.718441028234999,-0.451180459126382,-1.38676983713344
0.144490031064977,-0.0816952487680403,-0.104809984402906
1.24245350144639,-0.878425455023731,1.0506732949259
0.349852190763608,0.0588529474067683,0.371014729920065
0.242846364349788,-0.830848675225063,-1.54432323233656
0.941607563884466,0.106444435279502,1.74319409687979
0.268009139997776,0.0160240503597978,-0.104704751254816
-0.979739648213904,0.389387651298542,-1.01609215069663
0.364508429372117,0.449271178127643,1.68465161387792
0.0369733989263154,0.359435349844622,0.49583672237525
0.158461515256181,0.410663065610861,0.98054438277356
-0.490490297416788,0.785713428554079,0.625265387408976
-0.636335040577349,0.817043480919766,0.47553926521812
0.809710293847625,-0.753641331039765,0.417410698475679
1.34059665681792,-1.67020749497432,-0.976367447007481
0.912505922456516,-1.20101504018548,-0.533469667088603
0.778008405437528,-1.47071042296458,-0.825446605787224
2.35976359280186,-2.52200903755646,-0.100090621187343
0.475552376273688,-0.279062347469862,0.00337889162877886
0.212103524803287,-0.378990050063867,-0.514580170021355
1.04287183995671,0.189585335716431,1.4425434470236
1.14691687537321,-0.776869731121958,0.823904310434044
